{
  "custom": {},
  "params": {},
  "props": {
    "defaultSize": {
      "height": 778,
      "width": 1009
    }
  },
  "root": {
    "children": [
      {
        "children": [
          {
            "meta": {
              "name": "Image"
            },
            "position": {
              "height": 778,
              "width": 1009
            },
            "props": {
              "fit": {
                "height": 778,
                "width": 1009
              },
              "source": "/system/webdev/Traceability/MotorFinal"
            },
            "type": "ia.display.image"
          },
          {
            "events": {
              "dom": {
                "onClick": {
                  "config": {
                    "draggable": true,
                    "id": "OMHlgvEH",
                    "modal": false,
                    "overlayDismiss": false,
                    "position": {
                      "relativeLocation": "center"
                    },
                    "positionType": "relative",
                    "resizable": true,
                    "showCloseIcon": true,
                    "title": "BLOCO PERDIDO",
                    "type": "open",
                    "viewPath": "PopUP/Info",
                    "viewportBound": false
                  },
                  "scope": "C",
                  "type": "popup"
                }
              }
            },
            "meta": {
              "name": "Image_0"
            },
            "position": {
              "height": 55,
              "rotate": {
                "anchor": "0% 0%"
              },
              "width": 55
            },
            "propConfig": {
              "position.x": {
                "binding": {
                  "config": {
                    "fallbackDelay": 6,
                    "mode": "direct",
                    "tagPath": "[default]API/tag_0_pixelX"
                  },
                  "type": "tag"
                }
              },
              "position.y": {
                "binding": {
                  "config": {
                    "fallbackDelay": 6,
                    "mode": "direct",
                    "tagPath": "[default]API/tag_0_pixelY"
                  },
                  "transforms": [
                    {
                      "expression": "if({value} \u003e 720, 720, {value})\r\n\t ",
                      "type": "expression"
                    }
                  ],
                  "type": "tag"
                }
              }
            },
            "props": {
              "fit": {
                "height": 30,
                "mode": "contain",
                "width": 30
              },
              "source": "/system/webdev/Traceability/Bloco",
              "style": {
                "boxShadow": "0px 0px 8px rgba(255,165,0,0.6)"
              }
            },
            "type": "ia.display.image"
          },
          {
            "events": {
              "dom": {
                "onClick": {
                  "config": {
                    "draggable": true,
                    "id": "OMHlgvEH",
                    "modal": false,
                    "overlayDismiss": false,
                    "position": {
                      "relativeLocation": "center"
                    },
                    "positionType": "relative",
                    "resizable": true,
                    "showCloseIcon": true,
                    "title": "BLOCO PERDIDO",
                    "type": "open",
                    "viewPath": "PopUP/Info",
                    "viewportBound": false
                  },
                  "scope": "C",
                  "type": "popup"
                }
              }
            },
            "meta": {
              "name": "Image_1",
              "visible": false
            },
            "position": {
              "height": 42,
              "rotate": {
                "anchor": "0% 0%"
              },
              "width": 42
            },
            "propConfig": {
              "position.x": {
                "binding": {
                  "config": {
                    "fallbackDelay": 6,
                    "mode": "direct",
                    "tagPath": "[default]API/tag_3_pixelX"
                  },
                  "type": "tag"
                }
              },
              "position.y": {
                "binding": {
                  "config": {
                    "fallbackDelay": 6,
                    "mode": "direct",
                    "tagPath": "[default]API/tag_3_pixelY"
                  },
                  "type": "tag"
                }
              }
            },
            "props": {
              "fit": {
                "mode": "contain"
              },
              "source": "/system/webdev/Traceability/dodo1.png",
              "style": {
                "borderStyle": "hidden",
                "outlineStyle": "none"
              },
              "tint": {
                "color": "#FF0000",
                "enabled": true
              }
            },
            "type": "ia.display.image"
          },
          {
            "events": {
              "dom": {
                "onClick": {
                  "config": {
                    "draggable": true,
                    "id": "OMHlgvEH",
                    "modal": false,
                    "overlayDismiss": false,
                    "position": {
                      "relativeLocation": "center"
                    },
                    "positionType": "relative",
                    "resizable": true,
                    "showCloseIcon": true,
                    "title": "BLOCO PERDIDO",
                    "type": "open",
                    "viewPath": "PopUP/Info",
                    "viewportBound": false
                  },
                  "scope": "C",
                  "type": "popup"
                }
              }
            },
            "meta": {
              "name": "Image_2",
              "visible": false
            },
            "position": {
              "height": 55,
              "rotate": {
                "anchor": "0% 0%"
              },
              "width": 55
            },
            "propConfig": {
              "position.x": {
                "binding": {
                  "config": {
                    "fallbackDelay": 6,
                    "mode": "direct",
                    "tagPath": "[default]API/tag_1_pixelX"
                  },
                  "type": "tag"
                }
              },
              "position.y": {
                "binding": {
                  "config": {
                    "fallbackDelay": 6,
                    "mode": "direct",
                    "tagPath": "[default]API/tag_1_pixelY"
                  },
                  "type": "tag"
                }
              }
            },
            "props": {
              "altText": "Motor 1 - Tag 1",
              "fit": {
                "mode": "contain"
              },
              "source": "/system/webdev/Traceability/Bloco",
              "style": {
                "boxShadow": "0px 0px 8px rgba(255,165,0,0.6)"
              },
              "tint": {
                "color": "#00FF00"
              }
            },
            "type": "ia.display.image"
          },
          {
            "meta": {
              "name": "Label_Motor1"
            },
            "position": {
              "height": 32,
              "width": 50
            },
            "propConfig": {
              "position.x": {
                "binding": {
                  "config": {
                    "fallbackDelay": 2.5,
                    "mode": "direct",
                    "tagPath": "[default]API/tag_0_pixelX"
                  },
                  "transforms": [
                    {
                      "expression": "{value} + 7",
                      "type": "expression"
                    }
                  ],
                  "type": "tag"
                }
              },
              "position.y": {
                "binding": {
                  "config": {
                    "fallbackDelay": 2.5,
                    "mode": "direct",
                    "tagPath": "[default]API/tag_0_pixelY"
                  },
                  "transforms": [
                    {
                      "expression": "if(\r\n    {value} \u003e 730,\r\n    760,\r\n    if(\r\n        {value} \u003c 700,\r\n        {value} + 30,\r\n        {value}\r\n    )\r\n)",
                      "type": "expression"
                    }
                  ],
                  "type": "tag"
                }
              }
            },
            "props": {
              "text": "Motor 1",
              "textStyle": {
                "color": "#0031A0",
                "fontSize": 12,
                "fontWeight": "bold",
                "textShadow": "#FAFAFB"
              }
            },
            "type": "ia.display.label"
          },
          {
            "meta": {
              "name": "Label_Motor2",
              "visible": false
            },
            "position": {
              "height": 32,
              "width": 50
            },
            "propConfig": {
              "position.x": {
                "binding": {
                  "config": {
                    "fallbackDelay": 2.5,
                    "mode": "direct",
                    "tagPath": "[default]API/tag_1_pixelX"
                  },
                  "transforms": [
                    {
                      "expression": "{value} + 7",
                      "type": "expression"
                    }
                  ],
                  "type": "tag"
                }
              },
              "position.y": {
                "binding": {
                  "config": {
                    "fallbackDelay": 2.5,
                    "mode": "direct",
                    "tagPath": "[default]API/tag_1_pixelY"
                  },
                  "transforms": [
                    {
                      "expression": "{value} + 33",
                      "type": "expression"
                    }
                  ],
                  "type": "tag"
                }
              }
            },
            "props": {
              "text": "Motor 2",
              "textStyle": {
                "color": "#0031A0",
                "fontSize": 12,
                "fontWeight": "bold",
                "textShadow": "#FAFAFB"
              }
            },
            "type": "ia.display.label"
          }
        ],
        "custom": {
          "tagsUWB": []
        },
        "meta": {
          "name": "CoordinateContainer"
        },
        "position": {
          "height": 778,
          "rotate": {
            "anchor": "0% 0%"
          },
          "width": 1009
        },
        "type": "ia.container.coord"
      }
    ],
    "meta": {
      "name": "root"
    },
    "props": {
      "style": {
        "backgroundColor": "#FFFFFF"
      }
    },
    "type": "ia.container.coord"
  }
}